{"cameraMode":{"drawMode":0,"name":"Shaded","section":"Shading Mode"},"sceneLighting":false,"audioPlay":false,"sceneViewState":{"m_AlwaysRefresh":false,"showFog":true,"showSkybox":false,"showFlares":true,"showImageEffects":true,"showParticleSystems":true,"showVisualEffectGraphs":true,"m_FxEnabled":true},"in2DMode":false,"pivot":{"x":-1.0658063888549805,"y":1.9749202728271485,"z":-13.124255180358887},"rotation":{"x":-0.25807756185531618,"y":-0.4524266719818115,"z":0.13861876726150514,"w":-0.8423157930374146},"size":0.22586828470230103,"orthographic":false}