{"cameraMode":{"drawMode":0,"name":"Shaded","section":"Shading Mode"},"sceneLighting":false,"audioPlay":false,"sceneViewState":{"m_AlwaysRefresh":false,"showFog":true,"showSkybox":false,"showFlares":true,"showImageEffects":true,"showParticleSystems":true,"showVisualEffectGraphs":true,"m_FxEnabled":true},"in2DMode":false,"pivot":{"x":-1.5434720516204835,"y":1.4987818002700806,"z":-23.298015594482423},"rotation":{"x":0.0002391545131104067,"y":-0.9934861660003662,"z":0.1140623390674591,"w":0.002093860413879156},"size":3.126751661300659,"orthographic":false}