{"cameraMode":{"drawMode":0,"name":"Shaded","section":"Shading Mode"},"sceneLighting":false,"audioPlay":false,"sceneViewState":{"m_AlwaysRefresh":false,"showFog":true,"showSkybox":false,"showFlares":true,"showImageEffects":true,"showParticleSystems":true,"showVisualEffectGraphs":true,"m_FxEnabled":true},"in2DMode":false,"pivot":{"x":351.55426025390627,"y":272.3200378417969,"z":-82.59034729003906},"rotation":{"x":0.32109901309013369,"y":-0.14413228631019593,"z":0.049528758972883227,"w":0.9347152709960938},"size":110.76614379882813,"orthographic":false}