{"cameraMode":{"drawMode":0,"name":"Shaded","section":"Shading Mode"},"sceneLighting":true,"audioPlay":false,"sceneViewState":{"m_AlwaysRefresh":false,"showFog":true,"showSkybox":true,"showFlares":true,"showImageEffects":true,"showParticleSystems":true,"showVisualEffectGraphs":true,"m_FxEnabled":true},"in2DMode":false,"pivot":{"x":608.0551147460938,"y":334.4939270019531,"z":69.11273193359375},"rotation":{"x":0.10778063535690308,"y":-0.013420980423688889,"z":0.001454430166631937,"w":0.9940857887268066},"size":347.819580078125,"orthographic":false}